House,intercept,coef0,coef1,coef2,coef3,coef4,coef5
Gryffindor,3.766603982541293,-0.026952605101351897,-7.936415595346516e-05,0.03001423226659918,-1.1513050959463977e-05,-0.029556331258725182,-0.0034425884368216343
Hufflepuff,-2.9098320722650697,0.031307210540378085,-0.05402605254488704,0.005109459690464241,-0.0003529120924081669,0.027697685593581513,0.0029204826666678254
Slytherin,-1.404356354718615,-0.026798658474761722,0.023020709366420197,-0.040508657343012636,-0.00019530397274551827,0.012202240667598094,0.0016275239059836775
Ravenclaw,1.2246431075151847,0.01874324915595099,0.037259527244099915,0.01759484417981146,0.0005250189131723038,-0.007899463856766568,-0.0008411698406136462
