House,intercept,coef0,coef1,coef2,coef3,coef4,coef5
Ravenclaw,0.0006124796886557171,0.21327295919120615,0.5114167650650856,0.3097167798730953,0.0037955323152543572,-0.08359633299907526,-0.0024718160917869617
Slytherin,-48.06389171506536,-0.3095657941721456,0.25182793190719865,-0.5293607596365597,-0.0017975386416208836,0.08850396956058385,0.044315062707640886
Gryffindor,35.47279370902089,-0.3707077741349591,-0.040413183637893785,0.5401094485599035,0.000628132653049774,-0.25711802079674406,-0.03833778406604959
Hufflepuff,-30.73585133391759,0.4285386751418427,-0.6107026742919205,-0.040527341188702444,-0.004676839064039202,0.3197418062848214,0.02486142522574577
