House,intercept,coef0,coef1,coef2,coef3,coef4,coef5
Gryffindor,20.877253619532375,-0.21819705941328926,-0.058176330993081705,0.47153968067146457,0.0007419009690052752,-0.172896423596455,-0.02152241798344167
Hufflepuff,-20.124794857046236,0.23036809711134415,-0.40417712535338335,-0.16157521788611504,-0.002691216867145013,0.09267083222588687,0.019258257959807016
Slytherin,-12.63212550417208,-0.12918921752006132,0.19273408653376578,-0.3747124413475842,-0.0009695816696007067,0.13355320270229745,0.012693686423649578
Ravenclaw,11.87966674173448,0.11701817835405126,0.2696193677755287,0.06474797954438441,0.002918897615175631,-0.053327609193477045,-0.010429526540645823
