Class,Intercept,Coef_0,Coef_1,Coef_2,Coef_3,Coef_4,Coef_5
Ravenclaw,5.320900597918463,0.16849560301390337,0.2758049983051186,0.06174381529754505,0.00456717110563291,-0.09237649179656768,-0.006193705868056254
Hufflepuff,-24.719281671316676,0.30684675500755854,-0.4904088866742016,-0.0158140675911375,-0.0028189217292211187,0.23505437180837727,0.020250040532830464
Gryffindor,29.22739502764857,-0.15903739793823893,-0.05286024204551254,0.25401357055103835,-9.285619935795768e-05,-0.3092559063635848,-0.03083073053085399
Slytherin,-14.954923862382213,-0.1885604232061134,0.21845756522324153,-0.4829617284836431,-0.0015746937855579087,0.14103867781516446,0.012248218176487677
