Class,Intercept,Coef_0,Coef_1,Coef_2,Coef_3,Coef_4,Coef_5
Ravenclaw,9.52698213380607,0.16262982462647746,0.2822031322014233,0.0709800163412909,0.004607841269197545,-0.05107559421288294,-0.010355779545025407
Hufflepuff,-25.71415732598869,0.287208772363243,-0.48714559003854124,0.012612477516593402,-0.0029941755023153885,0.25427249995482476,0.021186510058364468
Gryffindor,27.690975991224153,-0.17772480662993742,-0.06604384174572606,0.25402730519748284,7.892619510711672e-05,-0.313257526471332,-0.02911274979529359
Slytherin,-22.69749948992396,-0.2432754264765547,0.23798048632871097,-0.44009080155522184,-0.0017791619633782745,0.08395901460324565,0.019546891859247295
