Class,Intercept,Coef_0,Coef_1,Coef_2,Coef_3,Coef_4,Coef_5
Gryffindor,22.94954227794324,-0.1436622558201353,-0.08462902054559768,0.12003653375639832,-5.2350873761478533e-05,-0.23001312336028704,-0.02430573067952533
Hufflepuff,-19.44475637900646,0.21509156994393389,-0.3442569628965366,0.0429317971422155,-0.002095172286040844,0.18363126510242828,0.01588819039416021
Ravenclaw,-3.5559206206914586,0.11907791486863532,0.262704306963391,0.14744652292609545,0.003092603885809309,0.01041698381690361,0.0016612487812371925
Slytherin,-13.113659372894617,-0.159718991335104,0.16936799248014878,-0.33357113994374193,-0.0011886415403987824,0.07132694819440107,0.0108084023709717
