House,intercept,coef_0,coef_1,coef_2,coef_3,coef_4,coef_5
Gryffindor,3.7666039825412936,-0.026952605101351897,-7.936415595346418e-05,0.030014232266599182,-1.151305095946398e-05,-0.029556331258725182,-0.0034425884368216348
Hufflepuff,-2.9098320722650697,0.031307210540378085,-0.05402605254488706,0.005109459690464242,-0.0003529120924081668,0.02769768559358152,0.0029204826666678254
Slytherin,-1.4043563547186162,-0.02679865847476173,0.023020709366420193,-0.04050865734301263,-0.00019530397274551825,0.0122022406675981,0.0016275239059836783
Ravenclaw,1.2246431075151842,0.018743249155950985,0.0372595272440999,0.01759484417981145,0.0005250189131723039,-0.007899463856766565,-0.0008411698406136458
