House,intercept,coef_0,coef_1,coef_2,coef_3,coef_4,coef_5
Ravenclaw,1.2157793854574244,0.01853084650576015,0.03708943456104399,0.017716807533009048,0.0005142344161365819,-0.008003224184664618,-0.0008352867326401524
Slytherin,-1.4206111108311519,-0.026525914674686554,0.02280909095072873,-0.0406734709468891,-0.0001903591750016132,0.011730646762251743,0.001646837139008441
Gryffindor,3.7501716818619495,-0.026819363624695006,-0.000303300941061839,0.029673501737679676,-1.1945509658052484e-05,-0.02956716875260583,-0.0034230574128764823
Hufflepuff,-2.8685145497151248,0.031081478478596585,-0.05333073541648703,0.005439048326430827,-0.00034793255681031163,0.02815142739293839,0.002877047445430022
