House,intercept,coef_0,coef_1,coef_2,coef_3,coef_4,coef_5
Gryffindor,24.69520133776484,-0.2181153307984025,-0.05653423068747176,0.47208830045354705,0.0007217711230395697,-0.17964870392194057,-0.025109329197864405
Hufflepuff,-10.969505322630697,0.24460867064689845,-0.38442443197080095,-0.1560321689382484,-0.0029005556310309046,0.11276663884727957,0.010350387311104348
Slytherin,-34.43086224951073,-0.15212216187479366,0.17099431212686236,-0.3967595891931437,-0.0008275321407565161,0.10316225454508177,0.03378859655592202
Ravenclaw,20.70516575646417,0.1256287753128327,0.2699643711790361,0.08070343382705575,0.003006330294501333,-0.0362802573125659,-0.019029674091914906
