House,intercept,coef_0,coef_1,coef_2,coef_3,coef_4,coef_5
Gryffindor,20.09441652336984,-0.23682789967723997,-0.05847933385721856,0.521015123222486,0.0007523315848360073,-0.17896570381837557,-0.020971399222756423
Hufflepuff,-14.738108649727266,0.23709200695230864,-0.3881740855684797,-0.1693525428455577,-0.0028064193213106297,0.11797248542670952,0.014018337208352372
Slytherin,-19.1955236759019,-0.12129289643070862,0.1806179264065387,-0.3956932420918029,-0.0009380315279067176,0.11233035910309144,0.019176502552736823
Ravenclaw,13.839215631257291,0.12102877233113611,0.2660355004153338,0.044030653209346966,0.00299212411695146,-0.051337164942022305,-0.012223447422939798
