House,intercept,coef_0,coef_1,coef_2,coef_3,coef_4,coef_5
Ravenclaw,11.083456194111164,0.12411804111330582,0.2876165191494929,0.06461876852679764,0.002402081906504487,-0.0631329612166456,-0.009827428762364485
Slytherin,-15.644545997283275,-0.11038793338818273,0.15500390228994548,-0.3961384188079248,-0.0007313379154926106,0.0919092409763301,0.015853656896443184
Gryffindor,23.53526092318593,-0.21048785872957224,-0.06091907066293979,0.4321581578083545,0.0008603259228112087,-0.16445143868203765,-0.023866523152290244
Hufflepuff,-18.974171120589464,0.19675775473851054,-0.38170135016259654,-0.10063850347799158,-0.0025310697760362296,0.13567515997958005,0.017840295000581975
