Class,Intercept,Coef_0,Coef_1,Coef_2,Coef_3,Coef_4,Coef_5
Ravenclaw,7.303493213591066,0.17835173328547546,0.2799439996671861,0.045316250853045276,0.004564099246789969,-0.0667210829253036,-0.008135894293580566
Slytherin,-15.536543759708467,-0.2117469212951441,0.22312485756049508,-0.46444234129509315,-0.0014501602306338551,0.11761143144060525,0.012691135868706615
Gryffindor,33.949745078469284,-0.1808623387984395,-0.05853689416626616,0.24636092336357196,-0.0001558795953756149,-0.26541889893872084,-0.03574204542954261
Hufflepuff,-26.023670991875523,0.32045037510071334,-0.48613026464406767,-0.01904929679149698,-0.0029428273122940486,0.2103531895305536,0.021611658262665527
