Class,Intercept,Coef_0,Coef_1,Coef_2,Coef_3,Coef_4,Coef_5
Ravenclaw,10.27411323243782,0.1794970424124942,0.2861628710126035,0.0470851135625413,0.004481369632938105,-0.051435126501341064,-0.011295761424804414
Slytherin,-15.320239963240178,-0.21351315442841615,0.228404521793133,-0.4490456506562511,-0.0014641944569205752,0.12246740352776808,0.012495220617048627
Gryffindor,27.977477750895673,-0.21299900335921168,-0.0853868350696961,0.25305538911081094,3.181843996444075e-05,-0.30000489225990296,-0.029784733686000413
Hufflepuff,-27.214000182653695,0.2942157932787849,-0.48438444531445557,0.017173535883726755,-0.003162284440779014,0.21409004949923632,0.022489330808065415
