Class,Intercept,Coef_0,Coef_1,Coef_2,Coef_3,Coef_4,Coef_5
Gryffindor,25.701847160379643,-0.16481509971220898,-0.086382019980888,0.1268533228379465,-7.216056980908166e-05,-0.23903046930502664,-0.027138223308230184
Hufflepuff,-21.797396222144112,0.2393139080984496,-0.36661934974977994,0.04217804665786165,-0.0023526589084691026,0.18643175658487557,0.01800665565040703
Ravenclaw,-3.4443153434893716,0.1347197081971139,0.2832386816680157,0.14579003454832232,0.0033054269049834135,0.013573870867083568,0.0015552223129392641
Slytherin,-14.133778516584973,-0.18373011418109322,0.17407612567392736,-0.34975954920815944,-0.0012261545972945607,0.0771685235979181,0.011660056535110751
